id,first_name,last_name,email
1,Ebenezer,Castiglio,ecastiglio0@i2i.jp
2,Margarethe,Tolputt,mtolputt1@google.com
3,Doti,Warters,dwarters2@timesonline.co.uk
4,Darin,Bennis,dbennis3@themeforest.net
5,Halley,Liger,hliger4@wordpress.com
6,Karrie,Overland,koverland5@examiner.com
7,Harlen,Van Rembrandt,hvanrembrandt6@craigslist.org
8,Berty,Bartholin,bbartholin7@hubpages.com
9,Sutherland,Christaeas,schristaeas8@geocities.com
10,Arri,Fynes,afynes9@harvard.edu
11,Heath,Antonucci,hantonuccia@sfgate.com
12,Sharla,Graysmark,sgraysmarkb@adobe.com
13,Kaia,Kedge,kkedgec@bloomberg.com
14,Alanah,Ellams,aellamsd@spotify.com
15,Bobine,Lamble,blamblee@geocities.com
16,Laird,Cornfield,lcornfieldf@bravesites.com
17,Nadine,Hambleton,nhambletong@sciencedaily.com
18,Brian,Domone,bdomoneh@digg.com
19,Jule,Ferrarotti,jferrarottii@epa.gov
20,Torrie,Nation,tnationj@indiegogo.com
21,Daron,Twomey,dtwomeyk@rambler.ru
22,Karly,Mosten,kmostenl@woothemes.com
23,Kikelia,Dendle,kdendlem@archive.org
24,Phineas,Josland,pjoslandn@si.edu
25,Ugo,Daish,udaisho@usgs.gov
26,Ozzy,Szabo,oszabop@gmpg.org
27,Becki,Rosettini,brosettiniq@list-manage.com
28,Clem,MacNeice,cmacneicer@pagesperso-orange.fr
29,Sibby,Leyland,sleylands@upenn.edu
30,Sigvard,Erat,seratt@paypal.com
31,Ruttger,Rolfs,rrolfsu@over-blog.com
32,Wilmar,Tanman,wtanmanv@uiuc.edu
33,Sidoney,Curless,scurlessw@msu.edu
34,Rivy,Rohan,rrohanx@cdc.gov
35,Jodie,Alston,jalstony@gnu.org
36,Kimbell,Mutter,kmutterz@bloglovin.com
37,Wyatt,Lanyon,wlanyon10@ibm.com
38,Amalle,Kennett,akennett11@trellian.com
39,Osborn,Emlin,oemlin12@discovery.com
40,Ava,Bigadike,abigadike13@mail.ru
41,Nettle,Gledhall,ngledhall14@t-online.de
42,Moreen,Gierhard,mgierhard15@vkontakte.ru
43,Brnaba,Andryushchenko,bandryushchenko16@delicious.com
44,Riobard,Carnegie,rcarnegie17@opera.com
45,Jordan,Aitchinson,jaitchinson18@soup.io
46,West,Baudy,wbaudy19@1688.com
47,Nelly,Randerson,nranderson1a@soundcloud.com
48,Virgina,Cubuzzi,vcubuzzi1b@abc.net.au
49,Martino,Haskew,mhaskew1c@smugmug.com
50,Franky,Minor,fminor1d@about.com
51,Elihu,Lane,elane1e@cafepress.com
52,Morgen,Tremeer,mtremeer1f@yale.edu
53,Livvy,Earnshaw,learnshaw1g@ted.com
54,Isabelle,Tritton,itritton1h@joomla.org
55,Ida,Limer,ilimer1i@meetup.com
56,Dane,Ferriere,dferriere1j@list-manage.com
57,Fern,Bitten,fbitten1k@weebly.com
58,Tallou,Soff,tsoff1l@bizjournals.com
59,Rhodie,Subhan,rsubhan1m@pbs.org
60,Lamond,Handrick,lhandrick1n@shutterfly.com
61,Brose,Kob,bkob1o@bravesites.com
62,Daisy,Rolin,drolin1p@mlb.com
63,Camila,Skeech,cskeech1q@spiegel.de
64,Trude,Cometson,tcometson1r@ftc.gov
65,Adelbert,Callery,acallery1s@live.com
66,Annabal,Larraway,alarraway1t@4shared.com
67,Almire,Doman,adoman1u@alexa.com
68,Kattie,Crusham,kcrusham1v@theglobeandmail.com
69,Joe,Letteresse,jletteresse1w@dedecms.com
70,Gaven,Champkins,gchampkins1x@reuters.com
71,Letti,Dufaire,ldufaire1y@webmd.com
72,Antin,Sandever,asandever1z@unesco.org
73,Shaylah,Barbary,sbarbary20@pbs.org
74,Susette,Lidgely,slidgely21@amazon.de
75,Wood,Crackett,wcrackett22@prweb.com
76,Sigvard,Pettie,spettie23@paginegialle.it
77,Brandice,O'Connor,boconnor24@indiatimes.com
78,Winifield,Coupar,wcoupar25@google.es
79,Titos,Rennles,trennles26@nba.com
80,Jobi,Spencer,jspencer27@techcrunch.com
81,Kelvin,Dampier,kdampier28@nymag.com
82,Stephine,Ratray,sratray29@unc.edu
83,Goldie,Westpfel,gwestpfel2a@mayoclinic.com
84,Mariele,Firks,mfirks2b@netlog.com
85,Heidi,Zywicki,hzywicki2c@shinystat.com
86,Cirstoforo,GiacobbiniJacob,cgiacobbinijacob2d@sun.com
87,Hayley,De Cruz,hdecruz2e@google.es
88,Ava,Cochern,acochern2f@myspace.com
89,Hilton,Kopfen,hkopfen2g@archive.org
90,Cyril,Blick,cblick2h@t-online.de
91,Muffin,Rainville,mrainville2i@home.pl
92,Sharia,Parysowna,sparysowna2j@diigo.com
93,Stepha,Stebbing,sstebbing2k@fema.gov
94,Ciro,Ligoe,cligoe2l@craigslist.org
95,Gratia,Gemmill,ggemmill2m@friendfeed.com
96,Tillie,Hammerton,thammerton2n@google.pl
97,Burr,Mantle,bmantle2o@irs.gov
98,Fifi,Matuschek,fmatuschek2p@jiathis.com
99,Che,Hansemann,chansemann2q@thetimes.co.uk
100,Pierson,de Villier,pdevillier2r@irs.gov